data,produto,vendas
2023-01-31,Produto A,500
2023-02-28,Produto A,510
2023-03-31,Produto A,520
2023-04-30,Produto A,530
2023-05-31,Produto A,540
2023-06-30,Produto A,550
2023-07-31,Produto A,560
2023-08-31,Produto A,570
2023-09-30,Produto A,580
2023-10-31,Produto A,590
2023-11-30,Produto A,600
2023-12-31,Produto A,610
2024-01-31,Produto A,620
2024-02-29,Produto A,630
2024-03-31,Produto A,640
2024-04-30,Produto A,650
2024-05-31,Produto A,660
2024-06-30,Produto A,670
2024-07-31,Produto A,680
2024-08-31,Produto A,690
2024-09-30,Produto A,700
2024-10-31,Produto A,710
2024-11-30,Produto A,720
2024-12-31,Produto A,730
2025-01-31,Produto A,740
2025-02-28,Produto A,750
2025-03-31,Produto A,760
2025-04-30,Produto A,770
2025-05-31,Produto A,780
2025-06-30,Produto A,790
2025-07-31,Produto A,800
2025-08-31,Produto A,810
2025-09-30,Produto A,820
2025-10-31,Produto A,830
2025-11-30,Produto A,840
2025-12-31,Produto A,850
2026-01-31,Produto A,860
2026-02-28,Produto A,870
2026-03-31,Produto A,880
2026-04-30,Produto A,890
2026-05-31,Produto A,900
2026-06-30,Produto A,910
2026-07-31,Produto A,920
2026-08-31,Produto A,930
2026-09-30,Produto A,940
2026-10-31,Produto A,950
2026-11-30,Produto A,960
2026-12-31,Produto A,970
2027-01-31,Produto A,980
2027-02-28,Produto A,990
2027-03-31,Produto A,1000
2027-04-30,Produto A,1010
2027-05-31,Produto A,1020
2027-06-30,Produto A,1030
2027-07-31,Produto A,1040
2027-08-31,Produto A,1050
2027-09-30,Produto A,1060
2027-10-31,Produto A,1070
2027-11-30,Produto A,1080
2027-12-31,Produto A,1090
2028-01-31,Produto A,1100
2028-02-29,Produto A,1110
2028-03-31,Produto A,1120
2028-04-30,Produto A,1130
2028-05-31,Produto A,1140
2028-06-30,Produto A,1150
2028-07-31,Produto A,1160
2028-08-31,Produto A,1170
2028-09-30,Produto A,1180
2028-10-31,Produto A,1190
2028-11-30,Produto A,1200
2028-12-31,Produto A,1210
2029-01-31,Produto A,1220
2029-02-28,Produto A,1230
2029-03-31,Produto A,1240
2029-04-30,Produto A,1250
2029-05-31,Produto A,1260
2029-06-30,Produto A,1270
2029-07-31,Produto A,1280
2029-08-31,Produto A,1290
2029-09-30,Produto A,1300
2029-10-31,Produto A,1310
2029-11-30,Produto A,1320
2029-12-31,Produto A,1330
2030-01-31,Produto A,1340
2030-02-28,Produto A,1350
2030-03-31,Produto A,1360
2030-04-30,Produto A,1370
2030-05-31,Produto A,1380
2030-06-30,Produto A,1390
2030-07-31,Produto A,1400
2030-08-31,Produto A,1410
2030-09-30,Produto A,1420
2030-10-31,Produto A,1430
2030-11-30,Produto A,1440
2030-12-31,Produto A,1450
2031-01-31,Produto A,1460
2031-02-28,Produto A,1470
2031-03-31,Produto A,1480
2031-04-30,Produto A,1490
2031-05-31,Produto A,1500
2031-06-30,Produto A,1510
2031-07-31,Produto A,1520
2031-08-31,Produto A,1530
2031-09-30,Produto A,1540
2031-10-31,Produto A,1550
2031-11-30,Produto A,1560
2031-12-31,Produto A,1570
2032-01-31,Produto A,1580
2032-02-29,Produto A,1590
2032-03-31,Produto A,1600
2032-04-30,Produto A,1610
2032-05-31,Produto A,1620
2032-06-30,Produto A,1630
2032-07-31,Produto A,1640
2032-08-31,Produto A,1650
2032-09-30,Produto A,1660
2032-10-31,Produto A,1670
2032-11-30,Produto A,1680
2032-12-31,Produto A,1690
